hours,score
6.1758847,92.73551
6.405028,93.335175
2.6800463,69.05421
6.7151394,98.43419
2.7331376,68.07651
4.2062674,76.5082
1.7960074,61.869244
5.5554895,86.56828
6.5854,100.88794
0.93230146,51.70024
6.5421867,96.77303
4.1550574,75.927
6.085831,94.2263
3.9740071,70.411766
5.1876583,86.099014
3.0058315,65.92435
6.1981006,96.89308
4.017331,84.81088
1.8660603,61.643307
4.392144,84.21584
1.8874218,61.39969
3.089545,67.56479
2.078446,64.79368
5.8217983,87.214195
0.7372044,56.106056
1.8864639,65.5968
2.5116885,67.73355
1.3955464,56.33261
3.8303409,76.77727
0.043123066,47.460327
6.660882,93.11597
0.5268612,46.68445
6.202096,93.158195
4.082467,76.65175
2.3635342,64.01842
5.6628246,91.78281
4.045478,80.019966
6.327872,96.1703
3.882619,78.4201
2.396194,63.995796
4.440393,80.93226
2.5508718,66.33338
4.9730015,89.76904
6.6248775,98.52439
5.5232086,91.010895
1.9698961,65.65178
5.5204263,88.90924
4.1262417,81.26317
5.2774224,87.80549
1.3667324,51.92873
0.0353204,46.466103
2.1477382,67.30005
0.81542003,49.141533
6.3718863,97.100784
4.5081096,81.328606
4.9497476,80.87353
4.606914,80.15654
3.439114,73.70967
6.239129,99.02151
1.0132024,52.34995
3.7203732,80.46392
1.1111094,58.974113
4.579232,81.718124
2.294662,62.83119
4.572457,82.80528
2.770805,63.38364
6.4028716,98.97252
1.4255433,56.320328
1.412607,55.645527
1.4124811,56.79875
6.64805,104.616905
4.666379,87.44473
6.8678775,104.58115
0.6115331,51.52653
0.028433561,48.20785
0.7617268,52.613827
1.1455882,53.74564
4.9176407,80.798874
4.7532654,79.17734
6.4082355,97.61134
1.6925112,60.010952
1.1140087,52.599674
5.3570232,84.195854
2.0852842,59.92603
5.6242332,91.99299
2.669448,66.13279
5.5021605,88.38847
0.780612,51.74386
1.7337258,53.37492
4.5670676,82.60753
4.2399263,81.66228
2.6076443,72.42586
5.586243,86.73449
5.879332,84.569275
0.96189326,51.701187
1.6314614,60.582428
6.704817,97.683815
2.3189862,67.198166
2.2591927,67.33344
0.11341882,45.743397
1.4956542,57.039333
4.374313,76.80206
3.038024,67.02361
0.95939904,51.452675
3.5820985,74.588394
1.1092148,54.988068
0.5306117,50.053944
1.5726807,59.951427
0.43675774,51.327877
1.2714168,50.424118
6.998631,103.95043
4.1610622,81.72552
4.578559,73.49628
0.23560494,45.04582
1.2012917,58.78552
2.3350046,64.3486
4.047299,79.430016
0.4202754,44.388435
1.9919443,59.38731
1.40466,58.037834
3.5096993,74.32111
2.1976388,66.680176
3.257465,75.24389
1.128296,51.80759
1.0976169,52.330956
1.4580936,54.443867
2.301959,64.35851
0.7375169,51.324802
6.4346447,95.57243
2.8053758,63.232986
6.511389,93.10991
4.590537,78.74003
0.53621054,47.807686
5.922123,95.78682
2.536993,63.910423
2.1583588,66.52681
0.59475327,52.22123
0.020437717,44.960915
4.501387,83.85829
2.7354465,65.68856
4.862631,85.97075
0.6276779,46.08262
6.098502,93.90143
0.93081194,48.93586
2.8956432,75.2644
4.231044,76.95132
5.3068814,86.3705
6.3255863,90.5297
6.6883574,94.3552
0.7247725,52.258793
4.3808355,77.040596
1.9945592,61.05532
3.1164532,74.480896
0.88028467,50.725494
6.6880054,97.30433
0.93117326,48.461983
5.3705792,92.738815
4.7300386,82.47787
4.637346,80.64971
1.6077383,58.2018
6.68133,101.81849
4.2691264,82.900314
3.9502401,80.860054
0.41560823,48.78066
4.9692597,88.044
2.974928,66.748344
1.896565,60.37065
6.506313,97.04819
4.2803206,78.864426
1.5635326,55.670406
1.7285137,57.37746
3.332855,70.03718
5.4542646,85.454956
2.6056316,66.762245
1.5029879,58.269077
2.30145,61.259354
0.88523805,52.699524
4.748214,83.80231
6.209141,94.85569
0.2049588,43.107357
4.3128777,84.3681
5.308071,90.018364
4.1346526,76.87582
2.253564,61.20203
5.3267975,89.75446
5.3392963,89.30391
4.8087454,80.73957
2.884975,70.13873
2.5731955,64.23465
3.8744333,75.77657
2.8817105,66.40981
2.4569964,61.228317
5.737224,87.895
6.5078983,96.873886
3.1535091,67.34603
2.716361,69.22506
3.551073,76.94841
3.291021,70.333885
4.3414392,81.68002
4.480818,81.13142
0.3211013,50.427307
2.2083678,66.234146
6.447453,94.87471
4.8634424,81.35708
3.3259184,68.7158
1.3898299,48.418255
1.3586822,57.998295
0.364816,50.37806
2.3591316,66.61611
4.681965,85.48423
5.7316756,93.53727
5.1159406,85.064125
0.40619588,44.158257
1.3952314,56.740723
2.9476418,66.75013
6.885723,100.575485
4.0063014,75.87687
2.5936024,66.25838
4.9480033,81.97282
2.1669145,62.426838
1.2346052,56.441925
6.0546055,92.04524
1.9085438,60.81548
2.7983663,66.22695
0.01818508,39.655582
5.8424473,92.8337
6.151721,96.58172
4.7755685,79.20238
1.0595403,57.507874
0.045710325,41.48899
0.6573736,52.55772
6.109951,95.81581
5.1803703,88.77661
6.445266,96.38926
5.3335447,83.71696
4.385823,80.56114
3.4657257,73.4879
0.8382289,51.16865
0.50129735,52.608234
0.2262798,45.522587
4.932767,86.09374
1.781612,57.68865
2.795616,65.09227
1.4857316,56.65897
2.8622174,62.68493
1.0365779,52.91657
1.2130451,50.60692
4.660988,85.62314
2.4598126,63.549393
5.6607013,93.24786
2.3771694,65.941864
0.93251467,48.46607
2.8824637,74.08097
1.8033841,55.667763
2.4292045,67.790245
0.16801536,51.663956
5.458218,91.43355
1.0632842,54.967762
5.259162,91.549164
5.088245,85.74576
6.0005145,98.58261
0.8153178,59.38898
6.017189,94.24467
1.8453693,60.903847
4.7987423,87.161316
6.7869015,102.94712
3.0063884,70.802956
3.4729328,82.93648
2.694193,67.97526
0.5775541,51.57144
5.17966,89.93599
0.025487483,45.254707
5.6727996,91.08356
6.118788,98.17534
6.8099723,93.273865
2.6744215,69.001076
0.6242533,47.58438
4.286906,75.93254
5.4334955,89.054886
0.016419351,42.7868
2.705557,64.80863
1.4019058,58.02311
3.193877,68.04247
1.7772528,58.218243
2.0693135,63.131905
2.388894,69.15952
0.17393589,46.681698
6.3717766,96.74544
6.4341593,97.89159
2.9509583,69.69974
3.1014128,68.9677
2.0715804,58.460182
0.33928013,46.221405
0.09399456,45.205112
4.8008046,82.77043
1.5783384,60.07536
1.2499306,57.69409
3.2269187,70.35371
2.334461,61.971096
2.3676772,63.68103
